# ************************************************************
# Sequel Ace SQL dump
# Version 20037
#
# https://sequel-ace.com/
# https://github.com/Sequel-Ace/Sequel-Ace
#
# Host: 127.0.0.1 (MySQL 5.7.30)
# Database: invoices
# Generation Time: 2022-10-24 12:51:34 +0000
# ************************************************************


/*!40101 SET @OLD_CHARACTER_SET_CLIENT=@@CHARACTER_SET_CLIENT */;
/*!40101 SET @OLD_CHARACTER_SET_RESULTS=@@CHARACTER_SET_RESULTS */;
/*!40101 SET @OLD_COLLATION_CONNECTION=@@COLLATION_CONNECTION */;
SET NAMES utf8mb4;
/*!40014 SET @OLD_FOREIGN_KEY_CHECKS=@@FOREIGN_KEY_CHECKS, FOREIGN_KEY_CHECKS=0 */;
/*!40101 SET @OLD_SQL_MODE='NO_AUTO_VALUE_ON_ZERO', SQL_MODE='NO_AUTO_VALUE_ON_ZERO' */;
/*!40111 SET @OLD_SQL_NOTES=@@SQL_NOTES, SQL_NOTES=0 */;


# Dump of table clients
# ------------------------------------------------------------

DROP TABLE IF EXISTS `clients`;

CREATE TABLE `clients` (
  `id` int(11) unsigned NOT NULL AUTO_INCREMENT,
  `name` varchar(255) NOT NULL,
  `street_address` varchar(255) NOT NULL,
  `city` varchar(255) NOT NULL,
  PRIMARY KEY (`id`)
) ENGINE=InnoDB DEFAULT CHARSET=latin1;

LOCK TABLES `clients` WRITE;
/*!40000 ALTER TABLE `clients` DISABLE KEYS */;

INSERT INTO `clients` (`id`, `name`, `street_address`, `city`)
VALUES
	(1,'Portia Jirick','69 Summerview Circle','Dundburd'),
	(2,'Brendan Moxley','9 Corben Way','Lughaye'),
	(3,'Maighdiln Minigo','33913 Monica Way','Byczyna'),
	(4,'Carroll Semark','47486 Dapin Park','Tomari'),
	(5,'Carmelle Larimer','89714 Homewood Court','Havtsal'),
	(6,'Susie Jiran','85 Ludington Point','Shadui'),
	(7,'Ivy Randales','6 Duke Way','Machinda'),
	(8,'Clementine Pullinger','24010 Buell Crossing','Alangalang'),
	(9,'Filberto Burner','05 Merrick Hill','Kalianyar Selatan'),
	(10,'Dasha Creavan','56087 Monterey Road','Talugtug'),
	(11,'Verene Trynor','923 Badeau Hill','Coratatal'),
	(12,'Whitney Bonsey','447 Bunker Hill Crossing','Cukalat'),
	(13,'Maurice Vampouille','011 Straubel Road','Kepuh'),
	(14,'Isa Reveley','251 Rusk Plaza','Hengshitang'),
	(15,'Lynnette Grindlay','07 Havey Junction','Les Coteaux'),
	(16,'Perri Yanez','4978 Iowa Junction','Lamalera'),
	(17,'Astrix Clelle','2 Montana Street','Growong Kidul'),
	(18,'Marve Bradwell','1 Nancy Center','Jankovec'),
	(19,'Sibyl Matas','694 Mcguire Terrace','Al Mushannaf'),
	(20,'Sal Rounsefell','05 Mayer Drive','Xilin'),
	(21,'Thaxter Gostall','30395 Talmadge Center','Ngaoundere'),
	(22,'Claybourne McAllester','8893 Mitchell Place','Sieniawa'),
	(23,'Viola Mosten','8 Warner Circle','Zhongcheng'),
	(24,'Conan Flores','7 Mccormick Park','Cawalo'),
	(25,'Lory Wyllie','182 Sommers Place','Honglong');

/*!40000 ALTER TABLE `clients` ENABLE KEYS */;
UNLOCK TABLES;


# Dump of table invoice_details
# ------------------------------------------------------------

DROP TABLE IF EXISTS `invoice_details`;

CREATE TABLE `invoice_details` (
  `id` int(11) unsigned NOT NULL AUTO_INCREMENT,
  `invoices_id` int(3) NOT NULL,
  `description` text,
  `quantity` int(2) NOT NULL,
  `rate` int(2) NOT NULL,
  `total` decimal(10,2) NOT NULL,
  PRIMARY KEY (`id`)
) ENGINE=InnoDB DEFAULT CHARSET=latin1;

LOCK TABLES `invoice_details` WRITE;
/*!40000 ALTER TABLE `invoice_details` DISABLE KEYS */;

INSERT INTO `invoice_details` (`id`, `invoices_id`, `description`, `quantity`, `rate`, `total`)
VALUES
	(1,137,'',4,584,2336.00),
	(2,57,'In sagittis dui vel nisl.',5,542,2710.00),
	(3,36,'In hac habitasse platea dictumst.',15,403,6045.00),
	(4,110,'Nam tristique tortor eu pede.',3,357,1071.00),
	(5,131,'Vestibulum ante ipsum primis in faucibus orci luctus et ultrices posuere cubilia Curae; Mauris viverra diam vitae quam.',6,753,4518.00),
	(6,17,'Donec vitae nisi.',15,476,7140.00),
	(7,89,'Vivamus metus arcu, adipiscing molestie, hendrerit at, vulputate vitae, nisl.',15,509,7635.00),
	(8,80,'',9,1,9.00),
	(9,93,'Vivamus vel nulla eget eros elementum pellentesque.',7,496,3472.00),
	(10,106,'Integer ac leo.',14,14,196.00),
	(11,85,'Vivamus vel nulla eget eros elementum pellentesque.',13,284,3692.00),
	(12,76,'Etiam pretium iaculis justo.',1,457,457.00),
	(13,119,'Donec quis orci eget orci vehicula condimentum.',1,300,300.00),
	(14,21,'Mauris enim leo, rhoncus sed, vestibulum sit amet, cursus id, turpis.',14,653,9142.00),
	(15,36,'Donec ut mauris eget massa tempor convallis.',1,47,47.00),
	(16,82,'Vestibulum rutrum rutrum neque.',10,274,2740.00),
	(17,136,'Lorem ipsum dolor sit amet, consectetuer adipiscing elit.',9,53,477.00),
	(18,105,'',12,478,5736.00),
	(19,133,'Suspendisse potenti.',6,39,234.00),
	(20,23,'Vestibulum ante ipsum primis in faucibus orci luctus et ultrices posuere cubilia Curae; Nulla dapibus dolor vel est.',6,233,1398.00),
	(21,28,'Fusce congue, diam id ornare imperdiet, sapien urna pretium nisl, ut volutpat sapien arcu sed augue.',11,929,10219.00),
	(22,9,'Fusce lacus purus, aliquet at, feugiat non, pretium quis, lectus.',11,511,5621.00),
	(23,95,'Cum sociis natoque penatibus et magnis dis parturient montes, nascetur ridiculus mus.',14,635,8890.00),
	(24,57,'Quisque arcu libero, rutrum ac, lobortis vel, dapibus at, diam.',4,498,1992.00),
	(25,5,'Vivamus vestibulum sagittis sapien.',7,596,4172.00),
	(26,146,'Donec vitae nisi.',9,951,8559.00),
	(27,105,'Vivamus vestibulum sagittis sapien.',8,340,2720.00),
	(28,24,'Nulla mollis molestie lorem.',11,510,5610.00),
	(29,52,'Morbi quis tortor id nulla ultrices aliquet.',15,703,10545.00),
	(30,38,'In hac habitasse platea dictumst.',2,286,572.00),
	(31,1,'Suspendisse potenti.',8,600,4800.00),
	(32,128,'Vivamus vestibulum sagittis sapien.',9,404,3636.00),
	(33,142,'Vivamus in felis eu sapien cursus vestibulum.',13,644,8372.00),
	(34,99,'Nullam molestie nibh in lectus.',13,213,2769.00),
	(35,141,'In quis justo.',2,952,1904.00),
	(36,49,'Aenean sit amet justo.',13,641,8333.00),
	(37,82,'Cum sociis natoque penatibus et magnis dis parturient montes, nascetur ridiculus mus.',8,512,4096.00),
	(38,58,'Morbi sem mauris, laoreet ut, rhoncus aliquet, pulvinar sed, nisl.',6,505,3030.00),
	(39,1,'Praesent id massa id nisl venenatis lacinia.',12,600,7200.00),
	(40,41,'Cras non velit nec nisi vulputate nonummy.',2,790,1580.00),
	(41,119,'Nulla ut erat id mauris vulputate elementum.',1,7,7.00),
	(42,46,'Morbi a ipsum.',14,358,5012.00),
	(43,91,'Donec dapibus.',11,371,4081.00),
	(44,149,'Praesent id massa id nisl venenatis lacinia.',5,63,315.00),
	(45,18,'Proin eu mi.',12,521,6252.00),
	(46,9,'In est risus, auctor sed, tristique in, tempus sit amet, sem.',6,265,1590.00),
	(47,126,'Etiam faucibus cursus urna.',1,33,33.00),
	(48,47,'In sagittis dui vel nisl.',12,76,912.00),
	(49,120,'Fusce congue, diam id ornare imperdiet, sapien urna pretium nisl, ut volutpat sapien arcu sed augue.',15,433,6495.00),
	(50,92,'Integer aliquet, massa id lobortis convallis, tortor risus dapibus augue, vel accumsan tellus nisi eu orci.',6,155,930.00),
	(51,87,'Proin interdum mauris non ligula pellentesque ultrices.',8,871,6968.00),
	(52,54,'',2,234,468.00),
	(53,32,'Nulla neque libero, convallis eget, eleifend luctus, ultricies eu, nibh.',13,749,9737.00),
	(54,74,'Nullam porttitor lacus at turpis.',5,703,3515.00),
	(55,106,'Etiam faucibus cursus urna.',3,612,1836.00),
	(56,23,'Vivamus metus arcu, adipiscing molestie, hendrerit at, vulputate vitae, nisl.',5,759,3795.00),
	(57,82,'Nulla tellus.',6,7,42.00),
	(58,75,'Morbi a ipsum.',10,440,4400.00),
	(59,96,'Donec odio justo, sollicitudin ut, suscipit a, feugiat et, eros.',4,143,572.00),
	(60,45,'Duis bibendum, felis sed interdum venenatis, turpis enim blandit mi, in porttitor pede justo eu massa.',10,645,6450.00),
	(61,130,'Vestibulum ac est lacinia nisi venenatis tristique.',13,861,11193.00),
	(62,69,'Curabitur in libero ut massa volutpat convallis.',12,211,2532.00),
	(63,49,'Duis bibendum, felis sed interdum venenatis, turpis enim blandit mi, in porttitor pede justo eu massa.',2,39,78.00),
	(64,124,'Pellentesque at nulla.',14,818,11452.00),
	(65,45,'Fusce posuere felis sed lacus.',10,956,9560.00),
	(66,47,'Maecenas tristique, est et tempus semper, est quam pharetra magna, ac consequat metus sapien ut nunc.',1,358,358.00),
	(67,48,'Fusce consequat.',14,656,9184.00),
	(68,20,'In quis justo.',9,720,6480.00),
	(69,58,'Nullam molestie nibh in lectus.',11,165,1815.00),
	(70,116,'Vivamus in felis eu sapien cursus vestibulum.',3,548,1644.00),
	(71,144,'In hac habitasse platea dictumst.',4,180,720.00),
	(72,150,'Duis bibendum.',15,542,8130.00),
	(73,102,'',15,480,7200.00),
	(74,77,'Praesent blandit lacinia erat.',12,813,9756.00),
	(75,37,'Duis bibendum, felis sed interdum venenatis, turpis enim blandit mi, in porttitor pede justo eu massa.',3,973,2919.00),
	(76,60,'Mauris lacinia sapien quis libero.',3,695,2085.00),
	(77,126,'Aliquam quis turpis eget elit sodales scelerisque.',14,534,7476.00),
	(78,14,'Nunc rhoncus dui vel sem.',12,146,1752.00),
	(79,92,'Nulla ut erat id mauris vulputate elementum.',13,144,1872.00),
	(80,2,'Duis at velit eu est congue elementum.',8,881,7048.00),
	(81,131,'',4,335,1340.00),
	(82,112,'Suspendisse ornare consequat lectus.',4,246,984.00),
	(83,90,'Aliquam augue quam, sollicitudin vitae, consectetuer eget, rutrum at, lorem.',9,556,5004.00),
	(84,20,'Ut tellus.',15,252,3780.00),
	(85,104,'Duis mattis egestas metus.',10,370,3700.00),
	(86,1,'Ut tellus.',9,956,8604.00),
	(87,61,'Nullam orci pede, venenatis non, sodales sed, tincidunt eu, felis.',14,833,11662.00),
	(88,86,'Morbi non quam nec dui luctus rutrum.',10,332,3320.00),
	(89,26,'Duis ac nibh.',6,716,4296.00),
	(90,55,'Ut at dolor quis odio consequat varius.',9,514,4626.00),
	(91,29,'Suspendisse ornare consequat lectus.',9,716,6444.00),
	(92,101,'Nulla justo.',8,632,5056.00),
	(93,117,'Vestibulum ante ipsum primis in faucibus orci luctus et ultrices posuere cubilia Curae; Nulla dapibus dolor vel est.',3,179,537.00),
	(94,33,'Nam congue, risus semper porta volutpat, quam pede lobortis ligula, sit amet eleifend pede libero quis orci.',11,366,4026.00),
	(95,113,'Maecenas tristique, est et tempus semper, est quam pharetra magna, ac consequat metus sapien ut nunc.',12,465,5580.00),
	(96,4,'In hac habitasse platea dictumst.',7,960,6720.00),
	(97,87,'Etiam pretium iaculis justo.',2,828,1656.00),
	(98,148,'Cras mi pede, malesuada in, imperdiet et, commodo vulputate, justo.',13,403,5239.00),
	(99,24,'Donec diam neque, vestibulum eget, vulputate ut, ultrices vel, augue.',1,253,253.00),
	(100,70,'In est risus, auctor sed, tristique in, tempus sit amet, sem.',1,980,980.00),
	(101,4,'Proin at turpis a pede posuere nonummy.',7,314,2198.00),
	(102,34,'Morbi odio odio, elementum eu, interdum eu, tincidunt in, leo.',7,809,5663.00),
	(103,132,'Morbi a ipsum.',13,77,1001.00),
	(104,65,'Integer ac neque.',4,818,3272.00),
	(105,125,'Sed vel enim sit amet nunc viverra dapibus.',1,908,908.00),
	(106,82,'Quisque porta volutpat erat.',2,236,472.00),
	(107,66,'Vivamus vestibulum sagittis sapien.',5,765,3825.00),
	(108,49,'In hac habitasse platea dictumst.',5,52,260.00),
	(109,122,'Morbi vel lectus in quam fringilla rhoncus.',11,89,979.00),
	(110,61,'Morbi vel lectus in quam fringilla rhoncus.',2,289,578.00),
	(111,54,'Suspendisse accumsan tortor quis turpis.',14,362,5068.00),
	(112,42,'Morbi sem mauris, laoreet ut, rhoncus aliquet, pulvinar sed, nisl.',4,983,3932.00),
	(113,18,'In tempor, turpis nec euismod scelerisque, quam turpis adipiscing lorem, vitae mattis nibh ligula nec sem.',13,643,8359.00),
	(114,136,'Pellentesque at nulla.',2,663,1326.00),
	(115,63,'Donec ut dolor.',4,139,556.00),
	(116,71,'',9,157,1413.00),
	(117,139,'Integer ac leo.',12,939,11268.00),
	(118,60,'Aliquam erat volutpat.',9,122,1098.00),
	(119,148,'Cras mi pede, malesuada in, imperdiet et, commodo vulputate, justo.',6,751,4506.00),
	(120,30,'In tempor, turpis nec euismod scelerisque, quam turpis adipiscing lorem, vitae mattis nibh ligula nec sem.',9,640,5760.00),
	(121,81,'In congue.',14,288,4032.00),
	(122,114,'Aenean sit amet justo.',2,959,1918.00),
	(123,15,'Integer aliquet, massa id lobortis convallis, tortor risus dapibus augue, vel accumsan tellus nisi eu orci.',1,508,508.00),
	(124,44,'Integer non velit.',2,519,1038.00),
	(125,116,'Aliquam sit amet diam in magna bibendum imperdiet.',15,784,11760.00),
	(126,137,'Duis ac nibh.',3,798,2394.00),
	(127,6,'Nulla tempus.',6,301,1806.00),
	(128,8,'Morbi non lectus.',5,447,2235.00),
	(129,135,'In est risus, auctor sed, tristique in, tempus sit amet, sem.',12,564,6768.00),
	(130,93,'Praesent lectus.',4,304,1216.00),
	(131,59,'Fusce congue, diam id ornare imperdiet, sapien urna pretium nisl, ut volutpat sapien arcu sed augue.',15,609,9135.00),
	(132,95,'Vestibulum rutrum rutrum neque.',11,871,9581.00),
	(133,105,'Proin leo odio, porttitor id, consequat in, consequat ut, nulla.',14,332,4648.00),
	(134,137,'Maecenas leo odio, condimentum id, luctus nec, molestie sed, justo.',13,960,12480.00),
	(135,58,'Nullam orci pede, venenatis non, sodales sed, tincidunt eu, felis.',11,777,8547.00),
	(136,13,'Lorem ipsum dolor sit amet, consectetuer adipiscing elit.',7,925,6475.00),
	(137,22,'Suspendisse ornare consequat lectus.',11,951,10461.00),
	(138,33,'Phasellus in felis.',12,873,10476.00),
	(139,98,'Mauris sit amet eros.',10,440,4400.00),
	(140,84,'Ut tellus.',11,5,55.00),
	(141,79,'Mauris enim leo, rhoncus sed, vestibulum sit amet, cursus id, turpis.',8,628,5024.00),
	(142,52,'Nulla nisl.',8,510,4080.00),
	(143,88,'Nulla facilisi.',7,66,462.00),
	(144,53,'Pellentesque ultrices mattis odio.',14,806,11284.00),
	(145,22,'Donec semper sapien a libero.',8,502,4016.00),
	(146,39,'Nulla mollis molestie lorem.',9,783,7047.00),
	(147,64,'Pellentesque at nulla.',9,567,5103.00),
	(148,29,'Curabitur in libero ut massa volutpat convallis.',10,12,120.00),
	(149,134,'Nulla facilisi.',11,481,5291.00),
	(150,53,'Donec dapibus.',1,712,712.00),
	(151,148,'Phasellus in felis.',8,329,2632.00),
	(152,33,'Morbi vel lectus in quam fringilla rhoncus.',4,499,1996.00),
	(153,59,'Vestibulum ante ipsum primis in faucibus orci luctus et ultrices posuere cubilia Curae; Nulla dapibus dolor vel est.',5,403,2015.00),
	(154,8,'Nulla neque libero, convallis eget, eleifend luctus, ultricies eu, nibh.',2,809,1618.00),
	(155,94,'Etiam justo.',10,818,8180.00),
	(156,69,'Aliquam sit amet diam in magna bibendum imperdiet.',12,805,9660.00),
	(157,33,'Aliquam non mauris.',3,249,747.00),
	(158,125,'',8,485,3880.00),
	(159,136,'Donec ut mauris eget massa tempor convallis.',15,108,1620.00),
	(160,67,'Curabitur convallis.',8,799,6392.00),
	(161,115,'Proin interdum mauris non ligula pellentesque ultrices.',1,214,214.00),
	(162,103,'Etiam justo.',3,507,1521.00),
	(163,127,'',15,265,3975.00),
	(164,108,'Nulla ac enim.',14,622,8708.00),
	(165,98,'Sed vel enim sit amet nunc viverra dapibus.',9,131,1179.00),
	(166,129,'Nullam porttitor lacus at turpis.',10,562,5620.00),
	(167,111,'Quisque arcu libero, rutrum ac, lobortis vel, dapibus at, diam.',2,236,472.00),
	(168,20,'In est risus, auctor sed, tristique in, tempus sit amet, sem.',14,928,12992.00),
	(169,138,'Lorem ipsum dolor sit amet, consectetuer adipiscing elit.',15,319,4785.00),
	(170,50,'Morbi vestibulum, velit id pretium iaculis, diam erat fermentum justo, nec condimentum neque sapien placerat ante.',1,456,456.00),
	(171,128,'Quisque id justo sit amet sapien dignissim vestibulum.',11,111,1221.00),
	(172,112,'In quis justo.',11,940,10340.00),
	(173,6,'Nulla neque libero, convallis eget, eleifend luctus, ultricies eu, nibh.',4,923,3692.00),
	(174,89,'Nam congue, risus semper porta volutpat, quam pede lobortis ligula, sit amet eleifend pede libero quis orci.',7,568,3976.00),
	(175,101,'',14,981,13734.00),
	(176,34,'Ut at dolor quis odio consequat varius.',14,816,11424.00),
	(177,68,'Nulla tellus.',4,454,1816.00),
	(178,117,'Sed accumsan felis.',5,811,4055.00),
	(179,56,'Nam tristique tortor eu pede.',9,294,2646.00),
	(180,26,'Etiam pretium iaculis justo.',1,268,268.00),
	(181,118,'Cum sociis natoque penatibus et magnis dis parturient montes, nascetur ridiculus mus.',8,374,2992.00),
	(182,137,'Cum sociis natoque penatibus et magnis dis parturient montes, nascetur ridiculus mus.',11,88,968.00),
	(183,109,'Ut at dolor quis odio consequat varius.',14,104,1456.00),
	(184,30,'In sagittis dui vel nisl.',7,184,1288.00),
	(185,73,'Pellentesque at nulla.',12,11,132.00),
	(186,10,'Morbi non quam nec dui luctus rutrum.',13,570,7410.00),
	(187,128,'Maecenas tristique, est et tempus semper, est quam pharetra magna, ac consequat metus sapien ut nunc.',12,905,10860.00),
	(188,134,'Morbi quis tortor id nulla ultrices aliquet.',13,186,2418.00),
	(189,92,'Praesent lectus.',8,358,2864.00),
	(190,130,'Morbi sem mauris, laoreet ut, rhoncus aliquet, pulvinar sed, nisl.',12,644,7728.00),
	(191,94,'Proin leo odio, porttitor id, consequat in, consequat ut, nulla.',5,503,2515.00),
	(192,11,'In hac habitasse platea dictumst.',1,109,109.00),
	(193,145,'Phasellus sit amet erat.',14,706,9884.00),
	(194,92,'Duis ac nibh.',4,857,3428.00),
	(195,30,'Vestibulum quam sapien, varius ut, blandit non, interdum in, ante.',3,137,411.00),
	(196,88,'Vestibulum ante ipsum primis in faucibus orci luctus et ultrices posuere cubilia Curae; Duis faucibus accumsan odio.',5,645,3225.00),
	(197,33,'',7,231,1617.00),
	(198,37,'Fusce posuere felis sed lacus.',4,231,924.00),
	(199,2,'Nunc rhoncus dui vel sem.',1,184,184.00),
	(200,40,'In tempor, turpis nec euismod scelerisque, quam turpis adipiscing lorem, vitae mattis nibh ligula nec sem.',10,28,280.00),
	(201,72,'Integer non velit.',11,870,9570.00),
	(202,126,'Maecenas tristique, est et tempus semper, est quam pharetra magna, ac consequat metus sapien ut nunc.',15,902,13530.00),
	(203,56,'Vestibulum rutrum rutrum neque.',6,152,912.00),
	(204,150,'Donec posuere metus vitae ipsum.',8,260,2080.00),
	(205,148,'Donec quis orci eget orci vehicula condimentum.',2,867,1734.00),
	(206,51,'',9,253,2277.00),
	(207,149,'Pellentesque eget nunc.',1,940,940.00),
	(208,4,'Phasellus sit amet erat.',6,456,2736.00),
	(209,112,'In sagittis dui vel nisl.',10,880,8800.00),
	(210,135,'Morbi odio odio, elementum eu, interdum eu, tincidunt in, leo.',3,556,1668.00),
	(211,62,'Integer ac leo.',5,529,2645.00),
	(212,113,'Nulla tellus.',10,344,3440.00),
	(213,107,'Duis bibendum, felis sed interdum venenatis, turpis enim blandit mi, in porttitor pede justo eu massa.',7,577,4039.00),
	(214,127,'Nulla suscipit ligula in lacus.',3,554,1662.00),
	(215,135,'Mauris sit amet eros.',4,432,1728.00),
	(216,73,'Nunc purus.',7,572,4004.00),
	(217,21,'Suspendisse potenti.',2,95,190.00),
	(218,35,'Vestibulum quam sapien, varius ut, blandit non, interdum in, ante.',2,125,250.00),
	(219,37,'Fusce posuere felis sed lacus.',9,945,8505.00),
	(220,56,'Phasellus id sapien in sapien iaculis congue.',14,218,3052.00),
	(221,143,'Donec ut dolor.',9,901,8109.00),
	(222,101,'Nulla tempus.',9,139,1251.00),
	(223,54,'Donec diam neque, vestibulum eget, vulputate ut, ultrices vel, augue.',14,283,3962.00),
	(224,96,'Phasellus sit amet erat.',8,653,5224.00),
	(225,55,'Sed ante.',7,311,2177.00),
	(226,27,'Vestibulum sed magna at nunc commodo placerat.',5,100,500.00),
	(227,128,'',3,329,987.00),
	(228,140,'',7,78,546.00),
	(229,27,'Nulla suscipit ligula in lacus.',4,611,2444.00),
	(230,19,'Nam nulla.',9,519,4671.00),
	(231,20,'Lorem ipsum dolor sit amet, consectetuer adipiscing elit.',15,139,2085.00),
	(232,34,'Aliquam non mauris.',2,899,1798.00),
	(233,43,'Curabitur at ipsum ac tellus semper interdum.',10,818,8180.00),
	(234,70,'Sed sagittis.',12,724,8688.00),
	(235,83,'Donec ut dolor.',6,173,1038.00),
	(236,123,'Cum sociis natoque penatibus et magnis dis parturient montes, nascetur ridiculus mus.',3,294,882.00),
	(237,37,'Aliquam sit amet diam in magna bibendum imperdiet.',8,927,7416.00),
	(238,55,'Fusce posuere felis sed lacus.',13,393,5109.00),
	(239,19,'Mauris enim leo, rhoncus sed, vestibulum sit amet, cursus id, turpis.',11,447,4917.00),
	(240,29,'Nulla mollis molestie lorem.',14,672,9408.00),
	(241,89,'Morbi non quam nec dui luctus rutrum.',4,323,1292.00),
	(242,103,'Etiam justo.',9,212,1908.00),
	(243,25,'Nulla ac enim.',9,411,3699.00),
	(244,128,'Curabitur convallis.',15,412,6180.00),
	(245,60,'Vestibulum ante ipsum primis in faucibus orci luctus et ultrices posuere cubilia Curae; Nulla dapibus dolor vel est.',8,119,952.00),
	(246,68,'Donec vitae nisi.',15,362,5430.00),
	(247,127,'Duis bibendum, felis sed interdum venenatis, turpis enim blandit mi, in porttitor pede justo eu massa.',4,231,924.00),
	(248,100,'',8,742,5936.00),
	(249,97,'Maecenas leo odio, condimentum id, luctus nec, molestie sed, justo.',7,894,6258.00),
	(250,141,'In congue.',2,816,1632.00),
	(251,119,'In quis justo.',1,993,993.00),
	(252,124,'Sed sagittis.',9,728,6552.00),
	(253,127,'Duis aliquam convallis nunc.',3,11,33.00),
	(254,94,'Etiam pretium iaculis justo.',8,499,3992.00),
	(255,60,'Nam nulla.',14,780,10920.00),
	(256,69,'Nulla neque libero, convallis eget, eleifend luctus, ultricies eu, nibh.',8,392,3136.00),
	(257,81,'Duis mattis egestas metus.',15,178,2670.00),
	(258,123,'Integer a nibh.',9,717,6453.00),
	(259,28,'Curabitur in libero ut massa volutpat convallis.',11,198,2178.00),
	(260,9,'Morbi vel lectus in quam fringilla rhoncus.',15,106,1590.00),
	(261,28,'Proin eu mi.',13,186,2418.00),
	(262,7,'Cum sociis natoque penatibus et magnis dis parturient montes, nascetur ridiculus mus.',15,162,2430.00),
	(263,18,'',15,419,6285.00),
	(264,121,'Nullam porttitor lacus at turpis.',8,341,2728.00),
	(265,36,'In hac habitasse platea dictumst.',2,393,786.00),
	(266,80,'Pellentesque eget nunc.',11,286,3146.00),
	(267,52,'In hac habitasse platea dictumst.',14,715,10010.00),
	(268,123,'Nullam orci pede, venenatis non, sodales sed, tincidunt eu, felis.',5,118,590.00),
	(269,101,'',8,864,6912.00),
	(270,65,'Morbi non quam nec dui luctus rutrum.',13,403,5239.00),
	(271,12,'Cras mi pede, malesuada in, imperdiet et, commodo vulputate, justo.',9,221,1989.00),
	(272,49,'Nullam porttitor lacus at turpis.',10,738,7380.00),
	(273,121,'Vestibulum ac est lacinia nisi venenatis tristique.',7,799,5593.00),
	(274,23,'Integer pede justo, lacinia eget, tincidunt eget, tempus vel, pede.',7,556,3892.00),
	(275,26,'Pellentesque eget nunc.',15,530,7950.00),
	(276,6,'Proin eu mi.',5,703,3515.00),
	(277,78,'Morbi sem mauris, laoreet ut, rhoncus aliquet, pulvinar sed, nisl.',4,64,256.00),
	(278,63,'Etiam pretium iaculis justo.',2,779,1558.00),
	(279,31,'Aliquam sit amet diam in magna bibendum imperdiet.',8,981,7848.00),
	(280,1,'Nam tristique tortor eu pede.',7,359,2513.00),
	(281,147,'Vestibulum ante ipsum primis in faucibus orci luctus et ultrices posuere cubilia Curae; Mauris viverra diam vitae quam.',9,146,1314.00),
	(282,149,'Fusce posuere felis sed lacus.',10,254,2540.00),
	(283,98,'Aliquam sit amet diam in magna bibendum imperdiet.',13,983,12779.00),
	(284,52,'In hac habitasse platea dictumst.',7,115,805.00),
	(285,104,'',3,175,525.00),
	(286,19,'Fusce lacus purus, aliquet at, feugiat non, pretium quis, lectus.',6,516,3096.00),
	(287,110,'Nulla nisl.',7,924,6468.00),
	(288,1,'Vivamus in felis eu sapien cursus vestibulum.',1,23,23.00),
	(289,24,'Donec ut mauris eget massa tempor convallis.',14,103,1442.00),
	(290,132,'Vivamus metus arcu, adipiscing molestie, hendrerit at, vulputate vitae, nisl.',5,101,505.00),
	(291,52,'Ut at dolor quis odio consequat varius.',2,407,814.00),
	(292,68,'Vestibulum sed magna at nunc commodo placerat.',3,234,702.00),
	(293,57,'',6,527,3162.00),
	(294,79,'Nunc rhoncus dui vel sem.',8,209,1672.00),
	(295,16,'Donec diam neque, vestibulum eget, vulputate ut, ultrices vel, augue.',8,77,616.00),
	(296,2,'Nullam molestie nibh in lectus.',15,460,6900.00),
	(297,30,'Aenean lectus.',11,922,10142.00),
	(298,3,'Fusce posuere felis sed lacus.',6,298,1788.00),
	(299,57,'Proin eu mi.',8,908,7264.00),
	(300,22,'Aenean fermentum.',13,57,741.00),
	(1002,303,NULL,1,1500,1500.00),
	(1003,304,NULL,1,1500,1500.00),
	(1004,305,NULL,1,1500,1500.00),
	(1005,306,NULL,1,1500,1500.00),
	(1006,307,NULL,1,1500,1500.00);

/*!40000 ALTER TABLE `invoice_details` ENABLE KEYS */;
UNLOCK TABLES;


# Dump of table invoices
# ------------------------------------------------------------

DROP TABLE IF EXISTS `invoices`;

CREATE TABLE `invoices` (
  `id` int(11) unsigned NOT NULL AUTO_INCREMENT,
  `invoice_id` varchar(255) DEFAULT NULL,
  `name` varchar(255) NOT NULL,
  `street_address` varchar(255) NOT NULL,
  `city` varchar(255) NOT NULL,
  `created` date NOT NULL,
  `due` date NOT NULL,
  `invoice_total` decimal(7,2) NOT NULL,
  `paid_to_date` decimal(10,2) NOT NULL DEFAULT '0.00',
  `status` int(1) NOT NULL DEFAULT '2',
  PRIMARY KEY (`id`)
) ENGINE=InnoDB DEFAULT CHARSET=latin1;

LOCK TABLES `invoices` WRITE;
/*!40000 ALTER TABLE `invoices` DISABLE KEYS */;

INSERT INTO `invoices` (`id`, `invoice_id`, `name`, `street_address`, `city`, `created`, `due`, `invoice_total`, `paid_to_date`, `status`)
VALUES
	(1,'RX1001','Lemar Windridge','59 Sage Parkway','Korfovskiy','2022-06-11','2022-07-11',10329.87,9166.74,2),
	(2,'RX1002','Nannette Poulgreen','506 Karstens Circle','Peimei','2021-12-16','2022-01-15',6782.86,0.00,2),
	(3,'RX1003','Adey Laborda','66 Debra Drive','Tenja','2022-04-16','2022-05-16',11841.30,11841.30,1),
	(4,'RX1004','Ade Warrell','420 Express Circle','Alagoinhas','2022-02-07','2022-03-09',625.77,625.77,1),
	(5,'RX1005','Sam Perone','7 Hanson Point','Fengqiao','2021-07-23','2021-08-22',1415.14,0.00,3),
	(6,'RX1006','Quincy Burden','42 Troy Pass','Quinta','2021-10-30','2021-11-29',3823.70,0.00,3),
	(7,'RX1007','Francisca McColgan','71 Maryland Hill','Tatarka','2021-11-02','2021-12-02',4545.96,4545.96,1),
	(8,'RX1008','Jourdain Margram','00 Summerview Circle','Xicheng','2022-03-19','2022-04-18',2708.88,2708.88,1),
	(9,'RX1009','Blayne Hargreaves','01159 Dennis Drive','El Alto','2022-03-16','2022-04-15',14366.18,3799.32,2),
	(10,'RX1010','Farleigh Duchatel','8584 Elgar Plaza','Hongxing','2021-09-25','2021-10-25',8758.47,8758.47,1),
	(11,'RX1011','Ceil De\'Ath','83369 Lunder Trail','Xihongmen','2022-06-20','2022-07-20',1962.17,0.00,3),
	(12,'RX1012','Zena Kattenhorn','31 Buhler Place','Bedinje','2022-04-22','2022-05-22',2673.55,2673.55,1),
	(13,'RX1013','Waring Pack','46 Comanche Place','Sydney','2021-12-19','2022-01-18',6672.83,6643.10,2),
	(14,'RX1014','Caro Poxson','208 Thierer Street','London','2021-11-18','2021-12-18',7428.31,7428.31,1),
	(15,'RX1015','Marita Stennes','55991 3rd Alley','Turt','2021-11-07','2021-12-07',5348.44,0.00,2),
	(16,'RX1016','Lana Coveney','490 Maple Wood Place','Chayek','2022-05-14','2022-06-13',12887.72,11810.33,2),
	(17,'RX1017','Augustine Middle','0847 Briar Crest Avenue','Ciasna','2021-07-12','2021-08-11',8202.64,8202.64,1),
	(18,'RX1018','Deedee Kittel','35517 Moose Terrace','Huntington','2021-09-24','2021-10-24',12289.05,9115.85,2),
	(19,'RX1019','Britteny Scarman','323 Quincy Junction','Lenesice','2022-02-17','2022-03-19',5670.14,267.22,2),
	(20,'RX1020','Elianora Braganca','06 Darwin Hill','Salama','2022-05-15','2022-06-14',7895.78,2887.45,2),
	(21,'RX1021','Fayth Tubb','36237 Schlimgen Parkway','Koramlik','2022-05-23','2022-06-22',1416.10,1416.10,1),
	(22,'RX1022','Aguistin Courtese','9 Alpine Drive','Vacenovice','2022-04-03','2022-05-03',13698.57,12910.05,2),
	(23,'RX1023','Analiese Bower','6566 Crownhardt Way','Fanzeres','2022-04-02','2022-05-02',6042.45,6042.45,1),
	(25,'RX1025','Erasmus Crossgrove','5 Northview Court','Gunungpeundeuy','2022-06-12','2022-07-12',3725.00,3725.00,1),
	(26,'RX1026','Yolanda Antrobus','7740 Randy Park','Zagoryanskiy','2022-06-13','2022-07-13',3525.00,3525.00,1),
	(27,'RX1027','Shoshanna Buggs','624 Namekagon Hill','Longgao','2021-12-09','2022-01-08',11925.03,0.00,2),
	(28,'RX1028','Debi Kitman','4 Sunnyside Pass','Heping','2022-04-11','2022-05-11',9753.77,9753.77,1),
	(29,'RX1029','Rakel Hollibone','9154 Westport Point','Ai Tu','2021-08-04','2021-09-03',12408.33,3142.15,2),
	(30,'RX1030','Hedwiga Bohlmann','64834 Eastwood Way','Berlin','2022-04-09','2022-05-09',5156.42,5156.42,1),
	(31,'RX1031','Errol Gerriet','5 Riverside Center','Zlatni Pyasatsi','2021-07-17','2021-08-16',8233.21,8233.21,1),
	(32,'RX1032','Prisca Usherwood','7740 Randy Park','Zagoryanskiy','2022-07-18','2022-08-17',3525.00,3525.00,1),
	(33,'RX1033','Ogdan Cluet','8 Tennessee Court','Jiangyan','2022-03-28','2022-04-27',7385.29,0.00,3),
	(34,'RX1034','Bob Densham','047 Express Avenue','Huayuan','2022-03-11','2022-04-10',1069.06,0.00,3),
	(35,'RX1035','Amaleta Halburton','12 Morningstar Terrace','Boituva','2022-04-23','2022-05-23',2073.90,0.00,2),
	(36,'RX1036','Flossy Cornes','48 Eggendart Court','Resetari','2022-06-16','2022-07-16',8866.09,7792.41,2),
	(37,'RX1037','Eunice Maris','1577 Twin Pines Crossing','Bukuru','2021-12-06','2022-01-05',14902.78,14902.78,1),
	(38,'RX1038','Walther Garrould','97 Rusk Street','Agios Athanasios','2021-08-27','2021-09-26',1330.15,0.00,2),
	(39,'RX1039','Zorah Hartnup','9 Talisman Plaza','Gualmatan','2022-04-14','2022-05-14',8215.52,1779.73,2),
	(40,'RX1040','Pietro Pester','39 Bluestem Drive','Barao de Sao Miguel','2022-02-22','2022-03-24',7781.24,875.60,2),
	(41,'RX1041','Lexy Lethbrig','587 Forest Crossing','Mae Sai','2022-04-27','2022-05-27',2153.22,0.00,3),
	(42,'RX1042','Salmon Jery','40312 Jay Plaza','Padej','2022-06-01','2022-07-01',3683.79,0.00,3),
	(43,'RX1043','Raddy Reicharz','676 Lindbergh Crossing','Santa Monica','2022-05-13','2022-06-12',5992.89,5992.89,1),
	(44,'RX1044','Evanne Woolard','80 Scofield Hill','Hangji','2022-04-21','2022-05-21',8867.57,5362.03,2),
	(45,'RX1045','Riley Caddies','418 Sycamore Drive','Gaoxing','2022-02-26','2022-03-28',8617.40,0.00,2),
	(46,'RX1046','Sloane Winsor','713 Golden Leaf Court','Sibreh','2022-03-17','2022-04-16',10975.50,0.00,2),
	(47,'RX1047','Henrieta Beuscher','456 Pond Parkway','Saint Louis','2022-05-30','2022-06-29',9521.23,9521.23,1),
	(48,'RX1048','Neils Yates','92 Norway Maple Parkway','Xin Bulag','2021-07-21','2021-08-20',6123.87,0.00,3),
	(49,'RX1049','Carlynn Kidstoun','745 Granby Circle','Batudulang','2022-06-16','2022-07-16',2375.65,2375.65,1),
	(50,'RX1050','Melba Kensy','225 Knutson Drive','Tiraspol','2021-08-19','2021-09-18',1783.23,1783.23,1),
	(51,'RX1051','Florida Titterrell','54852 Hoepker Lane','Guinabsan','2022-04-29','2022-05-29',9178.43,6146.73,2),
	(52,'RX1052','Ganny Feldhammer','1479 Almo Place','Santa Lucia','2021-07-13','2021-08-12',2443.95,2443.95,1),
	(53,'RX1053','Kaitlin Pointer','98 Vera Trail','Paprotnia','2021-07-22','2021-08-21',960.62,0.00,2),
	(54,'RX1054','Vonni Mote','900 Bartillon Center','Las Lajas','2022-04-06','2022-05-06',7561.87,7561.87,1),
	(55,'RX1055','Dottie Cristou','90477 Hayes Trail','Villavicencio','2021-12-29','2022-01-28',6757.12,6757.12,1),
	(56,'RX1056','Cass Bagby','73226 Grover Center','Dapdap','2022-05-10','2022-06-09',2134.11,2134.11,1),
	(57,'RX1057','Teodorico Lawrenceson','9 Loomis Road','Shah Alam','2021-12-20','2022-01-19',4544.39,1959.03,2),
	(58,'RX1058','Angelle Balcers','03185 Dixon Street','Kinsale','2021-08-05','2021-09-04',13574.37,9095.18,2),
	(59,'RX1059','Lois Bruty','368 Stuart Street','Keffi','2022-04-03','2022-05-03',5605.97,0.00,3),
	(60,'RX1060','Rees Poynor','3119 Badeau Trail','Port-de-Bouc','2021-10-02','2021-11-01',8327.12,7913.69,2),
	(61,'RX1061','Bary Ivakin','784 Rowland Drive','Xinkai','2022-03-30','2022-04-29',683.10,683.10,1),
	(62,'RX1062','Bary Ivakin','784 Rowland Drive','Xinkai','2022-03-30','2022-04-29',143.10,143.10,1),
	(63,'RX1063','Sean Walkinshaw','2 Sundown Pass','Lantera','2021-10-20','2021-11-19',6544.46,6544.46,1),
	(64,'RX1064','Gerrilee Shoebridge','3720 Graedel Lane','Mariestad','2021-10-20','2021-11-19',14983.48,2678.95,2),
	(65,'RX1065','Amalia Gunby','4 Lyons Point','Dudchany','2021-10-20','2021-11-19',10922.00,2000.00,2),
	(66,'RX1066','Hedy Danelet','9 Maryland Way','Lyeskawka','2021-09-16','2021-10-16',763.39,763.39,1),
	(67,'RX1067','Maynord Giraudot','42378 Village Green Hill','Beoga','2022-05-19','2022-06-18',11486.34,10966.35,2),
	(68,'RX1068','Alvie Thrush','32 Westend Crossing','Dolice','2021-08-17','2021-09-16',7917.90,0.00,3),
	(69,'RX1069','Kirsten Tick','318 Armistice Road','San Jose de las Lajas','2021-09-17','2021-10-17',1880.83,0.00,3),
	(70,'RX1070','Hillyer Sheaber','056 Swallow Road','Norrkoping','2022-03-18','2022-04-17',12564.54,12564.54,1),
	(71,'RX1071','Albrecht Widdowes','90012 Schiller Pass','Rennes','2022-02-26','2022-03-28',177.56,0.00,3),
	(72,'RX1072','Delila Holwell','6703 Sutteridge Lane','Biru','2021-12-23','2022-01-22',2651.87,2651.87,1),
	(73,'RX1073','Kikelia Krop','2 Mandrake Plaza','Santa Rosa','2022-05-18','2022-06-17',6078.33,0.00,3),
	(74,'RX1074','Carlita Parsons','40 Menomonie Alley','Abbeville','2022-01-16','2022-02-15',7553.53,0.00,2),
	(75,'RX1075','Consalve Leist','85623 Vermont Lane','Anyar','2022-01-03','2022-02-02',6733.19,0.00,2),
	(76,'RX1076','Betteanne Hugnot','76710 Erie Place','Adela','2022-04-23','2022-05-23',13035.31,9111.59,2),
	(77,'RX1077','Norah Ealam','3056 Cambridge Alley','Aihua','2021-10-10','2021-11-09',1273.99,0.00,2),
	(78,'RX1078','Derrek Doerr','13 Del Sol Circle','Miribel','2021-08-28','2021-09-27',7433.11,0.00,3),
	(79,'RX1079','Frannie Yanin','522 Emmet Lane','Tlogotunggal','2022-05-23','2022-06-22',1467.24,0.00,3),
	(80,'RX1080','Rodolfo Betser','91940 Raven Street','Gbarnga','2022-01-23','2022-02-22',10330.89,7958.60,2),
	(81,'RX1081','Elna Giacomelli','7 Anzinger Crossing','Kharp','2021-09-01','2021-10-01',10842.27,8990.64,2),
	(82,'RX1082','Lazar Mapes','52 Erie Hill','Taldyqorghan','2022-06-29','2022-07-29',5563.00,5563.00,1),
	(83,'RX1083','Cynthie Barlie','92832 Corry Court','Bagu','2022-06-16','2022-07-16',1570.12,1570.12,1),
	(84,'RX1084','Jerrie Bithell','7261 Manley Pass','Zdice','2021-10-05','2021-11-04',9530.17,9530.17,1),
	(85,'RX1085','Ethelyn O\'Crevy','90878 Texas Plaza','Loo','2021-07-25','2021-08-24',10221.43,10221.43,1),
	(86,'RX1086','Bertina Scoterbosh','9 Dakota Point','Prao','2022-07-06','2022-08-05',7762.81,7762.81,1),
	(87,'RX1087','Conant Andri','02 Reindahl Circle','Outeiro de Polima','2022-01-03','2022-02-02',2765.74,2765.74,1),
	(88,'RX1088','Adah Vautre','30 Superior Street','Dulangan','2021-12-04','2022-01-03',13723.94,13723.94,1),
	(89,'RX1089','Gonzales Cicchitello','71 Thierer Lane','Junyang','2022-06-15','2022-07-15',4180.79,0.00,3),
	(90,'RX1090','Zia Camili','47 Memorial Park','Kihurio','2021-07-17','2021-08-16',2139.97,2139.97,1),
	(91,'RX1091','Tadeas Bunton','6108 Rieder Avenue','Frederiksberg','2021-12-16','2022-01-15',12264.77,12264.77,1),
	(92,'RX1092','Cosme Moughton','825 Erie Drive','Tandayag','2021-12-14','2022-01-13',11087.11,0.00,3),
	(93,'RX1093','Aaron Prestney','02 Golf Course Pass','Pampanito','2022-01-23','2022-02-22',12647.29,1692.07,2),
	(94,'RX1094','Dilan Crossman','7946 Homewood Drive','Tangub','2021-10-10','2021-11-09',5689.89,5689.89,1),
	(95,'RX1095','Aryn O\'Sculley','2118 Eggendart Circle','Ryazan','2022-03-11','2022-04-10',14966.30,13154.65,2),
	(96,'RX1096','Yulma Eichmann','59785 Hagan Park','Oslo','2021-11-06','2021-12-06',3174.44,3174.44,1),
	(97,'RX1097','Dorian Grzeskowski','9 Carpenter Crossing','San Miguel','2021-07-16','2021-08-15',14171.57,4226.50,2),
	(98,'RX1098','Howard Mountlow','6760 Granby Lane','Samaro','2022-02-13','2022-03-15',1369.87,0.00,3),
	(99,'RX1099','Hanni Niven','5 Esker Parkway','Dhangarhi','2021-12-28','2022-01-27',14823.78,0.00,3),
	(100,'RX1100','Joyann Defrain','37893 Maywood Court','Podporozhye','2021-10-06','2021-11-05',9021.07,1232.75,2),
	(101,'RX1101','Sidnee Spencer','2 Cascade Avenue','Napoles','2021-10-06','2021-11-05',11000.00,1200.00,2),
	(102,'RX1102','Scotty Hallgate','21 Victoria Park','Yizhivtsi','2022-06-25','2022-07-25',8093.25,5150.12,2),
	(103,'RX1103','Daveta Menear','5623 Badeau Plaza','Enrile','2021-09-19','2021-10-19',6074.98,6074.98,1),
	(104,'RX1104','Sophia Sowthcote','1 Loftsgordon Place','Lopandino','2021-12-28','2022-01-27',9953.57,4777.37,2),
	(105,'RX1105','Friedrich Klampt','9074 Dawn Park','Manas','2022-04-06','2022-05-06',12609.34,6571.30,2),
	(106,'RX1106','Logan Marfe','7 Stephen Lane','Socorro','2021-09-22','2021-10-22',5098.47,0.00,2),
	(107,'RX1107','Cad Letty','99231 Meadow Valley Drive','Tilburg','2021-09-13','2021-10-13',12078.06,12078.06,1),
	(108,'RX1108','Merry Dinjes','264 Carberry Avenue','Villa Santa Rita','2022-05-30','2022-06-29',2148.84,2148.84,1),
	(109,'RX1109','Emmalynn Trymme','7 Clove Center','Mont-Dore','2021-07-11','2021-08-10',11576.34,2567.92,2),
	(110,'RX1110','Ralina Sissons','8 Susan Hill','Karis','2021-12-23','2022-01-22',11171.28,6408.10,2),
	(111,'RX1111','Kanya Fredi','5 Lindbergh Trail','Nanhai','2022-05-21','2022-06-20',11286.86,751.35,2),
	(112,'RX1112','Althea O\'Boyle','07531 Sunbrook Park','Nowe Warpno','2022-05-20','2022-06-19',515.16,0.00,2),
	(113,'RX1113','Dollie Pascoe','8 Scoville Plaza','Mlandizi','2021-10-05','2021-11-04',3177.39,3177.39,1),
	(114,'RX1114','Dom Urwin','4436 Hovde Plaza','Tamorong','2021-09-02','2021-10-02',9532.00,9532.00,1),
	(115,'RX1115','Danny Millsom','35 Texas Lane','Harrisburg','2022-04-14','2022-05-14',6214.08,0.00,3),
	(116,'RX1116','Dasie Ackhurst','16 Hovde Avenue','Youlongchuan','2021-07-18','2021-08-17',1229.17,1229.17,1),
	(117,'RX1117','Osmond Pally','7 Corscot Point','Sindangraja','2021-08-10','2021-09-09',1846.92,1846.92,1),
	(118,'RX1118','Malinda Leber','239 Clarendon Way','Fais','2022-05-12','2022-06-11',1371.11,0.00,3),
	(119,'RX1119','Sarajane Tukely','16938 Monica Lane','Miguel Hidalgo','2022-05-12','2022-06-11',1371.11,0.00,2),
	(120,'RX1120','Zara Carah','1 Bobwhite Drive','Krajan Langenharjo','2022-01-09','2022-02-08',3392.71,0.00,2),
	(121,'RX1121','Rickie Paroni','95720 Surrey Place','Bakalang','2022-03-27','2022-04-26',5748.92,4943.97,2),
	(122,'RX1122','Uriah Petts','2 Butternut Avenue','Yaodu','2021-10-18','2021-11-17',6493.36,0.00,3),
	(123,'RX1123','Lorinda O\'Boyle','3 Monterey Center','Vale de Figueira','2022-02-28','2022-03-30',14873.04,5035.99,2),
	(124,'RX1124','Bryn Sharvell','026 Kings Trail','Chengyang','2022-02-28','2022-03-30',13330.25,8403.49,2),
	(125,'RX1125','Cherice Malek','55 Nelson Plaza','Nanjie','2022-02-15','2022-03-17',13946.35,13946.35,1),
	(126,'RX1126','Suzanna Fursse','65 Summit Trail','Barbacena','2022-05-21','2022-06-20',6818.59,0.00,2),
	(127,'RX1127','Isidro Yarr','07167 Kipling Hill','Iquira','2022-04-29','2022-05-29',1472.57,0.00,2),
	(128,'RX1128','Gilly Maymond','56 Mitchell Lane','Aya','2021-12-24','2022-01-23',11866.35,8431.65,2),
	(129,'RX1129','Reese Bridger','700 Killdeer Terrace','Xagqu','2021-09-04','2021-10-04',13754.34,3267.07,2),
	(130,'RX1130','Laurie Foxley','9570 Rutledge Terrace','Aimin','2021-12-22','2022-01-21',12058.95,12058.95,1),
	(131,'RX1131','Fred Turnpenny','364 Southridge Point','Radenka','2022-03-20','2022-04-19',14684.61,6982.83,2),
	(132,'RX1132','Elane Pacitti','40 Atwood Place','Salawu','2022-03-30','2022-04-29',14122.56,1388.46,2),
	(133,'RX1133','Jyoti Castanie','20 South Center','La Concepcion','2021-07-25','2021-08-24',6707.44,69.83,2),
	(134,'RX1134','Gal Colten','4873 Superior Lane','Alhambra','2022-04-03','2022-05-03',288.84,288.84,1),
	(135,'RX1135','Craggie Puffett','27 Portage Junction','Quiches','2022-01-04','2022-02-03',1566.04,1566.04,1),
	(136,'RX1136','Nevin Gonnin','3 Toban Crossing','Orzech','2021-10-16','2021-11-15',3388.07,0.00,3),
	(137,'RX1137','Sidney Godier','52741 Rockefeller Way','Changbu','2021-07-27','2021-08-26',9367.49,0.00,2),
	(138,'RX1138','Joycelin Kleinmann','8196 Sage Crossing','Ratoath','2022-05-30','2022-06-29',9650.55,0.00,2),
	(140,'RX1140','Laurent Schowenburg','0 Towne Crossing','Mutis','2021-07-08','2021-08-07',1340.25,0.00,3),
	(141,'RX1141','Allyn de Guerre','0672 Talmadge Terrace','Montgomery','2022-04-26','2022-05-26',5577.76,5577.76,1),
	(142,'RX1142','Robers Lambrook','651 Kenwood Parkway','Hongshan','2022-02-12','2022-03-14',8444.30,8444.30,1),
	(143,'RX1143','Elisabet Ferbrache','92 Aberg Crossing','Newlands','2022-05-10','2022-06-09',2607.29,1066.89,2),
	(144,'RX1144','Vernen Mellish','8 Katie Pass','Santa Maria Chiquimula','2022-02-17','2022-03-19',9944.22,0.00,2),
	(145,'RX1145','Leona Dommerque','9924 Algoma Center','Listvyanka','2021-11-23','2021-12-23',9131.00,0.00,3),
	(146,'RX1146','Lindsey Presslee','226 Clarendon Junction','Chicago','2021-12-23','2022-01-22',14441.41,14441.41,1),
	(147,'RX1147','Gabie Prantl','768 Mesta Crossing','Pangani','2021-11-18','2021-12-18',2895.66,2895.66,1),
	(148,'RX1148','Barthel Shergill','69 Talmadge Street','Lapid','2022-03-07','2022-04-06',610.89,610.89,1),
	(149,'RX1149','Joeann Riccardini','817 Ridgeway Lane','Chetian','2022-01-30','2022-03-01',1427.09,0.00,3),
	(150,'RX1150','Holly-anne Crothers','47 Eagle Crest Point','Imatra','2021-11-30','2021-12-30',4485.93,4485.93,1),
	(151,'RX1151','Mike','gshrt','sfthfg','2022-07-07','2022-07-08',4651.00,0.00,2),
	(303,'RX1303','Portia Jirick','69 Summerview Circle','Dundburd','2022-07-14','2022-08-13',1500.00,0.00,2),
	(304,'RX1304','Portia Jirick','69 Summerview Circle','Dundburd','2022-07-14','2022-08-13',1500.00,0.00,2),
	(305,'RX1305','Portia Jirick','69 Summerview Circle','Dundburd','2022-07-14','2022-08-13',1500.00,0.00,2),
	(306,'RX1306','Portia Jirick','69 Summerview Circle','Dundburd','2022-07-14','2022-08-13',1500.00,0.00,2),
	(307,'RX1307','Portia Jirick','69 Summerview Circle','Dundburd','2022-07-14','2022-08-13',1500.00,1500.00,1);

/*!40000 ALTER TABLE `invoices` ENABLE KEYS */;
UNLOCK TABLES;


# Dump of table status
# ------------------------------------------------------------

DROP TABLE IF EXISTS `status`;

CREATE TABLE `status` (
  `id` int(11) unsigned NOT NULL AUTO_INCREMENT,
  `status_name` varchar(255) NOT NULL,
  PRIMARY KEY (`id`)
) ENGINE=InnoDB DEFAULT CHARSET=latin1;

LOCK TABLES `status` WRITE;
/*!40000 ALTER TABLE `status` DISABLE KEYS */;

INSERT INTO `status` (`id`, `status_name`)
VALUES
	(1,'Paid'),
	(2,'Pending'),
	(3,'Cancelled');

/*!40000 ALTER TABLE `status` ENABLE KEYS */;
UNLOCK TABLES;



/*!40111 SET SQL_NOTES=@OLD_SQL_NOTES */;
/*!40101 SET SQL_MODE=@OLD_SQL_MODE */;
/*!40014 SET FOREIGN_KEY_CHECKS=@OLD_FOREIGN_KEY_CHECKS */;
/*!40101 SET CHARACTER_SET_CLIENT=@OLD_CHARACTER_SET_CLIENT */;
/*!40101 SET CHARACTER_SET_RESULTS=@OLD_CHARACTER_SET_RESULTS */;
/*!40101 SET COLLATION_CONNECTION=@OLD_COLLATION_CONNECTION */;
